Timestamp,Repository,Solution,Task,Status,Symbol
2025-10-22 12:45:15,ic3_spool_cosine-dep-spool,SDKTestApp.sln,task-restore-solution,SUCCESS,✓
2025-10-22 12:45:17,ic3_spool_cosine-dep-spool,SDKTestApp.sln,task-build-solution,SUCCESS,✓
2025-10-22 12:45:17,ic3_spool_cosine-dep-spool,SDKTestApp.sln,task-collect-knowledge-base,SKIPPED,✓
2025-10-22 12:45:21,ic3_spool_cosine-dep-spool,AcsAdminConsoleApp.sln,task-restore-solution,SUCCESS,✓
2025-10-22 12:45:24,ic3_spool_cosine-dep-spool,AcsAdminConsoleApp.sln,task-build-solution,SUCCESS,✓
2025-10-22 12:45:24,ic3_spool_cosine-dep-spool,AcsAdminConsoleApp.sln,task-collect-knowledge-base,SKIPPED,✓
2025-10-22 12:46:44,ic3_spool_cosine-dep-spool,ResourceProvider.sln,task-restore-solution,SUCCESS,✓
2025-10-22 12:47:33,ic3_spool_cosine-dep-spool,ResourceProvider.sln,task-build-solution,SUCCESS,✓
2025-10-22 12:47:33,ic3_spool_cosine-dep-spool,ResourceProvider.sln,task-collect-knowledge-base,SKIPPED,✓
